pa_id;pa_name;pa_area;pa_location;pa_owner;pa_category;pa_subcategory;pa_district;pa_comment;pa_longitude;pa_latitude;pa_created
aps010010;Codru;5177.00;Raionul Străşeni, satul Lozova;Autoritatea centrală pentru mediu;Rezervaţie ştiinţifică;;Străşeni;;28.466239;47.094377;1971
aps010020;Iagorlîc;836.00;Raionul Dubăsari, satul Goian;Autoritatea centrală pentru mediu;Rezervaţie ştiinţifică;;Dubăsari;;29.170000;47.370000;1988
aps010050;Pădurea Domnească;6032.00;Raioanele Glodeni şi Făleşti;Autoritatea centrală pentru mediu ;Rezervaţie ştiinţifică;;Glodeni;;27.400000;47.600000;1993
aps010040;Plaiul Fagului;5642.00;Raionul Ungheni, satul Rădenii Vechi;Autoritatea centrală pentru mediu;Rezervaţie ştiinţifică;;Ungheni;;28.040000;47.330000;1992
aps010030;Prutul de Jos;1691.00;Raionul Vulcăneşti, satul Slobozia Mare;Autoritatea centrală pentru mediu;Rezervaţie ştiinţifică;;Vulcăneşti;;28.129500;45.586893;1991
aps020010;Orhei;33792.09;"Întreprinderea pentru silvicultură Orhei: ocolul silvic Ivancea, ocolul silvic Selişte, ocolul silvic Vatici, ocolul silvic Teleşeu
Întreprinderea pentru silvicultură Călăraşi: ocolul silvic Bravicea
Comunele (satele) Morozeni, Ghetlova, Puţintei, Neculăieuca, Vatici, Donici, Teleşeu, Selişte, Peresecina, Ivancea, Pohorniceni, Trebujeni din raionul Orhei
Comuna Codreanca și satele Ţigăneşti, Romăneşti din raionul Strășeni
Comuna Săseni şi satul Bravicea din raionul Călăraşi
Comuna Maşcăuţi din raionul Criuleni";NA;Parc național;;Orhei;;28.979000;47.303762;
aps030830;Afloriment de argile etuliene;10.00;Panta stîngă a văii rîului Cahul deasupra satului Etulia;"Întreprinderea Agricolă ""K. Marx""";Monument al naturii;;Vulcăneşti;;28.444541;45.532392;
aps030450;Afloriment de cremene compactă;20.00;La vest de satul Naslavcea, în valea rîului Chisărău, ocolul silvic Ocniţa, Edineţ Naslavcea, parcela 2, subparcelele 1-8;Gospodăria Silvică de Stat Edineţ;Monument al naturii;;Ocniţa;;27.560000;48.470000;
aps030660;Afloriment de nisipuri şi gresii;0.50;Versantul de est al carierei, satul Redi-Cereşnovăţ;"Întreprinderea Agricolă ""Redi"" ";Monument al naturii;;Soroca;;28.312873;48.064390;
aps030640;Afloriment în blocul Soloneţ;15.00; În preajma satului Gura-Oituz, lîngă punctul trigonometric 297m;Primăria satului Bălăşeşti ;Monument al naturii;;Sîngerei;;28.343599;47.704523;
aps030200;Aflorimentul Baurci;1.00;Pe drumul Congaz-Baurci, la 2 km de podul peste rîul Ialpug, ocolul silvic Congaz, Congaz, parcela 38, subparcela 12;Gospodăria Silvică de Stat Iargara;Monument al naturii;;Ceadîr-Lunga ;;28.640000;46.110000;
aps030280;Aflorimentul Chetrosu;25.00; La vest de satul Chetrosu, lîngă autostrada Drochia-Soroca;Primăria satului Chetrosu;Monument al naturii;;Drochia;;27.872133;48.082243;
aps030400;Aflorimentul Costeşti;1.00;La nord de satul Costeşti, pe coasta stîngă a văii rîului Botna, lîngă drumul spre Mileştii Mici;"Primăria satului Costeşti, Societatea pe Acţiuni ""Ialoveni""";Monument al naturii;;Ialoveni;;28.763208;46.871189;
aps030680;Aflorimentul de gresii şi granit de la Cosăuţi;2.00;Satul Cosăuţi, versantul de vest al carierii părăsite;Cariera de granit şi pietriş din Soroca ;Monument al naturii;;Soroca;;28.284586;48.224802;
aps030800;Aflorimentul de lîngă oraşul Taraclia;4.10;La sud de oraşul Taraclia de-a lungul pantei stîngi a vîlcelei, ocolul silvic Taraclia, Taraclia-II, parcela 20, subparcela 1;Gospodăria Silvică de Stat Cahul;Monument al naturii;;Taraclia;;28.690301;45.899366;
aps030840;Aflorimentul de lîngă satul Văleni;3.00;La 0,5 km sud de satul Văleni, panta de est a văii rîului Prut;"Firma Agricolă ""Văleni""";Monument al naturii;;Vulcăneşti;;28.166009;45.635527;
aps030460;Aflorimentul de nisipuri tortoniene de lîngă gara Naslavcea;1.00;La 2 km sud de staţia de cale ferată Naslavcea, în zona aliniamentului căii ferate Naslavcea-Bîrnova;Distanţa Ocniţa a Căii Ferate din Moldova ;Monument al naturii;;Ocniţa;;27.585483;48.466257;
aps030180;Aflorimentul Fîrlădeni;5.00;Lîngă satul Fîrlădeni, pe panta dreaptă a văii, în apropiere de drumul spre Căuşeni;Primăria satului Fîrlădeni;Monument al naturii;;Căuşeni;;29.377070;46.783229;
aps030250;Aflorimentul Goian;1.00; La 0,5 km de intersecţia autostrăzilor Leuşeni şi Chişinău-Criuleni, ocolul silvic Vadul lui Vodă, Leuşeni-IV, parcela 32, subparcela 1;Gospodăria Silvică de Stat Chişinău;Monument al naturii;;Criuleni;;28.910791;47.112341;
aps030110;Aflorimentul proterozoicului superior (vendian) de lîngă satul Cerlina;60.00;La vest de satul Cerlina pe coasta abruptă a Nistrului;"Întreprinderea Agricolă ""Nistru"", satul Zăluceni";Monument al naturii;;Camenca;;28.622105;48.080788;
aps030730;Aflorimentul Răspopeni;15.00;La 1 km sud de satul Răspopeni, pe drumul spre satul Ignăţei;"Întreprinderea Agricolă ""Răspopeni"" ";Monument al naturii;;Şoldăneşti;;28.648823;47.681447;
aps030530;Amplasament de vertebrate fosile;2.00;La marginea de vest a satului Pocşeşti;Primăria satului Donici ;Monument al naturii;;Orhei;;28.750000;47.680000;
aps030580;Amplasament fosil de dinoteriu;1.00;La sud de satul Pripiceni-Răzeşi, coasta dreaptă a văii rîului Cogîlnic;Primăria satului Pripiceni-Răzeşti ;Monument al naturii;;Rezina;;29.383602;46.907000;
aps030010;Amplasamentul de faună de lîngă satul Calfa;35.00;Satul Calfa, la est de podul peste calea ferată, pe malul drept al rîului Bîc;"Cooperativa Agricolă de Producţie ""Vierul""";Monument al naturii;;Anenii Noi ;;28.673925;47.677748;
aps030570;Amplasamentul de floră fosilă de lîngă satul Ignăţei;1.00;La sud de satul Ignătei lîngă punctul trigonometric 225,5 m;Primăria satului Ignăţei ;Monument al naturii;;Rezina;;28.673925;47.677748;
aps030040;Amplasamentul fosilifer de lîngă satul Pelinei;5.00;Lîngă satul Pelinei, ocolul silvic satul Pelinei parcela 11;Gospodăria Silvică de Stat Vulcăteşti, Pelinei-IV, Cahul;Monument al naturii;;Cahul;;28.320000;45.810000;
aps030050;Amplasamentul fosilifer de lîngă satul Moscovei;10.00;Între satele Moscovei şi Dermengi, satul Moscovei parcela 18, subparcelele 2, 3;Gospodăria Silvică de Stat raionul Taraclia, ocolul silvic Moscovei, Cahul;Monument al naturii;;Cahul;;28.394406;45.894682;
aps030890;Apele minerale din satul Hîrjauca;1.50;Satul Hîrjauca, în partea de jos a vîlcelei Hîrtop;"Sanatoriul ""Codru""";Monument al naturii;;Călăraşi;;28.232416;47.322004;
aps030600;Argile etuliene pe malul Nistrului;3.00;La vest de satul Ciorna;Primăria oraşului Rezina ;Monument al naturii;;Rezina;;28.961265;47.778187;
aps031210;Bălţata;2.80;Ocolul silvic Cuhureşti Bălţata, parcela 4, subparcela 1;Gospodăria Silvică de Stat Soroca;Monument al naturii;;Camenca;;29.058027;47.051428;
aps031230;Borceac;11.30;"Ocolul silvic Congaz, Borceac, parcela 32, subparcela 2; parcela 31, subparcela 5";Gospodăria Silvică de Stat Iargara;Monument al naturii;;Comrat;;28.521898;46.056270;
aps031190;Caracuşeni;4.20;Ocolul silvic Briceni, Caracuşeni, parcela 47 subparcelele 21, 23;Gospodăria Silvică de Stat Edineţ;Monument al naturii;;Briceni;;27.014306;48.273875;
aps030700;"Cariera ""Cazacu""";3.00;La nord de staţia de cale ferată Vatra;Primăria municipiului Chişinău;Monument al naturii;;Străşeni;;28.744675;47.081800;
aps030140;"Cariera ""Cimitirul Cailor""";2.00;La nord de satul Păuleşti;"Societatea pe Acţiuni ""Păuleşti"" ";Monument al naturii;;Călăraşi;;28.371089;47.273174;
aps030120;Cariera Cociulia;1.00;La 1 km nord de satul Cociulia;"Întreprinderea Agricolă ""Patria""";Monument al naturii;;Cantemir;;28.410000;46.380000;
aps030170;Cariera de lîngă satul Zaim;4.00;Pe panta dreaptă a rîului Botna;Primăria satului Zaim;Monument al naturii;;Căuşeni;;29.331352;46.609664;
aps030590;Cariera din Boşerniţa (părăsită);5.00;La vest de satul Boşerniţa;Primăria oraşului Rezina ;Monument al naturii;;Rezina;;28.980295;47.777331;
aps030740;Cariera părăsită de lîngă staţia de cale ferată Şoldăneşti;1.00;La vest de staţia de calea ferată Şoldăneşti şi la nord de satul Olişcani;"Întreprinderea Agricolă ""Biruinţa"" ";Monument al naturii;;Şoldăneşti;;28.769803;47.809461;
aps031280;Călineştii Mici;7.00;La est de satul Călineşti, ocolul silvic Călineşti, Călineştii Mici, parcela 46, subparcela 4;Gospodăria Silvică de Stat Glodeni;Monument al naturii;;Făleşti;;27.496000;47.576613;
aps030370;Cheile Buteşti;110.00;La sud de satul Buteşti;Primăria satului Camenca;Monument al naturii;;Glodeni;;27.336240;47.797570;
aps031240;Cîietu;4.00;Ocolul silvic Congaz, Cîietu parcela 25, subparcela 15;Gospodăria Silvică de Stat Iargara;Monument al naturii;;Comrat;;28.444135;46.139943;
aps030690;"Colina ""Casca""";37.60;La vest de satul Cremenciung, ocolul silvic Otaci, Cremenciug-II, parcela 49, subparcelele 18, 26, 29, 30;Gospodăria Silvică de Stat Soroca;Monument al naturii;;Soroca;;28.063716;48.276130;
aps030100;"Complexul ""Raşcov""";123.00;Satul Raşcov, ocolul silvic Raşcov, Dealul Roşu, parcelele 20, 21;Gospodăria Silvică de Stat Rîbniţa;Monument al naturii;;Camenca;;28.842495;47.939147;
aps031200;Cuhureşti;13.00;Ocolul silvic Cuhureşti Cuhureştii Mari, parcela 15, subparcelele 1, 13;Gospodăria Silvică de Stat Soroca;Monument al naturii;;Camenca;;28.567797;47.912894;
aps030330;Defileul Burlăneşti;10.00;La nord-vest de satul Burlăneşti;Primăria satului Burlăneşti;Monument al naturii;;Edineţ;;27.122209;48.138823;
aps030320;Defileul Buzdugeni;100.00;Lîngă satul Buzdugeni, la confluenţa rîurilor Bogda şi Racovăţ;Primăria satului Burlăneşti;Monument al naturii;;Edineţ;;27.162363;48.104957;
aps030610;Defileul Duruitoarea;40.00;La est de satul Duruitoarea;Primăria satului Duruitoarea;Monument al naturii;;Rîşcani;;27.266326;47.871471;
aps030360;Defileul Feteşti;68.00;La sud-vest de satul Feteşti;"Întreprinderea Agricolă ""Feteşti""";Monument al naturii;;Edineţ;;27.110481;48.165910;
aps030540;Defileul Orhei;100.00;Oraşul Orhei;Primăria oraşului Orhei;Monument al naturii;;Orhei;;28.828541;47.364082;
aps030350;Defileul Trinca;70.00;La sud-vest de satul Trinca;Primăria satului Trinca;Monument al naturii;;Edineţ;;27.103519;48.205414;
aps030620;Defileul Văratic;10.00;La est de satul Văratic;Primăria satului Duruitoarea;Monument al naturii;;Rîşcani;;27.287729;47.919043;
aps031090;"Ecosistemul acvatic ""La Moară""";42.00;La vest de satul Recea;Primăria satului Recea;Monument al naturii;;Rîşcani;;27.668612;47.887502;
aps030500;Falia tectonică de lîngă satul Naslavcea;82.00;La nord de satul Naslavcea, ocolul silvic Ocniţa, Stînca, parcela 1;Gospodăria Silvică Stat Edineţ;Monument al naturii;;Ocniţa;;27.586798;48.464383;
aps030430;Fractura tectonică Selişte;240.00;La 1 km sud de satul Seleşte;"Întreprinderea Agricolă ""Moldova"" ";Monument al naturii;;Nisporeni;;28.183894;47.088268;
aps030300;Grotele Brînzeni;14.00;La sud-est de satul Brînzeni;Primăria satului Brînzeni;Monument al naturii;;Edineţ;;27.169983;48.075941;
aps031300;Haraba;6.00;La est de satul Haraba, ocolul silvic Plopi, Haraba, parcela 6, subparcela 1;Gospodăria Silvică de Stat Rîbniţa;Monument al naturii;;Rîbniţa;;29.097772;47.892591;
aps030990;Havuzul Mare;1.00;La sud de oraşul Dubăsari;"Întreprinderea Agricolă ""Puti Ilicea""";Monument al naturii;;Dubăsari;;29.173636;47.239346;
aps031220;Hîrjauca-Sipoteni;5.40;Ocolul silvic Hîrjauca, Hîrjauca-Sipoteni, parcela 36, subparcelele 8, 10, 31;Gospodăria Silvică de Stat Călăraşi;Monument al naturii;;Călăraşi;;28.230613;47.315895;
aps030420;Hîrtopul de lîngă oraşul Nisporeni;200.00;La 6 km sud de oraşul Nisporeni, pe malul stîng al rîului Nîrnova;"Firma Agricolă ""Nisporeni"" ";Monument al naturii;;Nisporeni;;28.184652;47.094019;
aps031130;Izvoarele din preajma satului Zahorna;1.00;Satul Zahorna;"Întreprinderea Agricolă ""Moldova""";Monument al naturii;;Şoldăneşti;;28.559758;47.791915;
aps030980;Izvoarele din satul Cotova;6.00;Satul Cotova, poalele pantei stîngi a rîului Căinari;Primăria satului Cotova;Monument al naturii;;Drochia;;27.965003;48.161670;
aps031060;Izvoarele din satul Horodişte;1.50;Satul Horodişte;Primăria satului Horodişte;Monument al naturii;;Rezina;;27.784724;48.269824;
aps030970;Izvoarele din satul Mîndîc;0.50;La nord de satul Mîndîc, pe malul stîng al rîului Cubolta;Primăria satului Mîndîc;Monument al naturii;;Donduşeni;;27.788586;48.146584;
aps031070;Izvoarele din satul Molochişul Mare;1.00;Satul Molochişul Mare;"Întreprinderea Agricolă ""Krasnîi Octeabri""";Monument al naturii;;Rîbniţa;;29.056832;47.859035;
aps031160;Izvoarele din satul Ordăşei;1.20;Coasta stîngă a rîului Răut, satul Ordăşei;Primăria satului Ordăşei;Monument al naturii;;Teleneşti;;28.498320;47.685577;
aps031110;Izvoarele din satul Vărăncău;2.00;Satul Vărăncău;"Întreprinderea Agricolă ""Prietenia""";Monument al naturii;;Soroca;;28.512021;48.063228;
aps030930;Izvoarele minerale din satul Oniţcani;1.50;Cîte două izvoare în satul Oniţcani şi în valea rîului Rădi;"Întreprinderea Agricolă ""Oniţcani""";Monument al naturii;;Criuleni;;29.070238;47.146959;
aps030900;Izvoarele nr.1 şi nr.2 din satul Nişcani;1.00;Satul Nişcani;"Întreprinderea Agricolă ""Nişcani""";Monument al naturii;;Călăraşi;;28.347344;47.267828;
aps031170;Izvor – havuz;1.00;Satul Proteagailovca;"Întreprinderea Agricolă ""Tighina""";Monument al naturii;;Municipiul Bender;;29.449045;46.817207;
aps031120;Izvorul Cărăuşilor;0.50;Satul Climăuţii de Jos pe panta dreaptă a rîuleţului;"Întreprinderea Agricolă ""Nistru""";Monument al naturii;;Şoldăneşti;;28.799880;47.942839;
aps031010;Izvorul de lîngă staţia de cale ferată Naslavcea;0.50;Staţia de cale ferată Naslavcea;"Întreprinderea Agricolă ""Vatutin""";Monument al naturii;;Ocniţa;;27.571190;48.472875;
aps030870;Izvorul din satul Bursuc;1.50;Satul Bursuc, în rîpa de lîngă pod;"Întreprinderea Agricolă ""Moldova"" ";Monument al naturii;;Camenca;;28.305200;47.097369;
aps031020;Izvorul din satul Codreni;1.00;Satul Codreni, la vest de biserică;"Întreprinderea Agricolă ""Rodina""";Monument al naturii;;Ocniţa;;27.721200;48.430414;
aps031150;Izvorul din satul Copceac;1.50;La marginea satului Copceac, în vîlcea;"Întreprinderea Agricolă ""Pobeda""";Monument al naturii;;Taraclia;;29.560620;46.431395;
aps031030;Izvorul din satul Cucuruzeni;0.50;Pe malul drept al rîului Cogîlnic;"Întreprinderea Agricolă ""Frunze""";Monument al naturii;;Orhei;;28.727930;47.480988;
aps030960;Izvorul din satul Fîntîniţa;2.00;Satul Fîntîniţa;"Întreprinderea Agricolă ""Victoria""";Monument al naturii;;Donduşeni;;27.690610;48.109463;
aps030940;Izvorul din satul Horodişte;5.00;Satul Horodişte;"Întreprinderea Agricolă ""Horodişte""";Monument al naturii;;Donduşeni;;27.787626;48.261399;
aps031040;Izvorul din satul Izvoare;0.50;Satul Izvoare, în ograda dlui Caraman V.;"Întreprinderea Agricolă ""Glia""";Monument al naturii;;Orhei;;27.666720;47.435986;
aps031050;Izvorul din satul Jeloboc;10.00;La 1 km sud-est de satul Jelboc;Primăria satului Piatra;Monument al naturii;;Orhei;;28.909683;47.353348;
aps031000;Izvorul din satul Nemţeni;0.50;În centrul satului Nemţeni;"Întreprinderea Agricolă ""Hlopeşti""";Monument al naturii;;Hînceşti;;28.123030;46.907145;
aps030880;Izvorul din satul Ocniţa;1.00;Satul Ocniţa;"Întreprinderea Agricolă ""Rassvet""";Monument al naturii;;Camenca;;27.488820;48.410726;
aps030950;Izvorul din satul Plop;2.00;Satul Plop;"Întreprinderea Agricolă ""Patria""";Monument al naturii;;Donduşeni;;27.700768;48.247954;
aps031140;Izvorul din satul Sămăşcani;1.50;Satul Sămăşcani, în vale;"Întreprinderea Agricolă ""Şevcenco""";Monument al naturii;;Şoldăneşti;;28.701810;47.754954;
aps031080;Izvorul din satul Stroieşti;1.00;Satul Stroieşti;"Întreprinderea Agricolă ""Iscra""";Monument al naturii;;Rîbniţa;;28.934040;47.888318;
aps030920;Izvorul lui Suvorov;0.50;La 1,5 km nord-vest de satul Hagimus, în vîlcea;"Întreprinderea Agricolă ""Nistru"", Primăria satului Hagimus";Monument al naturii;;Căuşeni;;29.478639;46.766652;
aps030910;Izvorul lui Ştefan cel Mare;0.50;La est de satul Vălcineţ;Primăria satului Vălcineţ;Monument al naturii;;Călăraşi;;28.121860;47.266124;
aps031290;Lipnic;1.60;Ocolul silvic Ocniţa, Lipnic, parcela 23, subparcela 13;Gospodăria Silvică de Stat Edineţ;Monument al naturii;;Ocniţa;;27.491810;48.378430;
aps030020;Meandrul de la Pererîta;5.00;La sud de satul Pererîta;Primăria satului Pererîta;Monument al naturii;;Briceni;;26.910000;48.190000;
aps030260;Movilele recifale de lîngă satul Visoca;15.00; La sud de satul Visoca;"Întreprinderea Agricolă ""Visoca""";Monument al naturii;;Donduşeni;;27.930361;48.240054;
aps030490;O porţiune a malului abrupt al Nistrului;308.00;Între satele Naslavcea şi Lencăuţi, ocolul silvic Otaci, Lencăuţi, parcelele 1-3;"Întreprinderea Agricolă ""Nistru"" (150 ha); Gospodăria Silvică de Stat Soroca (158 ha)";Monument al naturii;;Ocniţa;;27.610000;48.450000;
aps030820;Panta abruptă de lîngă satul Sineşti;1.00;La 2 km sud-vest de satul Sineşti, pe panta stîngă a vîlcelei rîului Pojarna, Tincău;"Întreprinderea Agricolă ""Sineşti"" ";Monument al naturii;;Ungheni;;28.053310;47.401530;
aps031250;Pădure de plop;0.30;Satul Dubăsarii Vechi;"Societatea pe Acţiuni ""Dubăsarii Vechi""";Monument al naturii;;Criuleni;;29.247870;47.135337;
aps030030;"Peştera carstică ""Emil Racoviţă"" şi zona carstică adiacentă";80.00;Lîngă satul Criva;Cariera de ghips din satul Criva;Monument al naturii;;Briceni;;26.638980;48.276273;
aps030251;Peştera surprizelor;0.41;La 2 km nord-est de oraşul Criuleni, trupul de pădure Zolonceni, parcela 27, subparcela D;Gospodăria Silvică de Stat Chişinău;Monument al naturii;;Criuleni;;29.153660;47.233155;
aps030080;Pîlnii carstice;80.00;Lîngă satul Hruşca;"Întreprinderea Agricolă ""Frunze"" ";Monument al naturii;;Camenca;;28.556050;48.123749;
aps031260;Pogoreloe;5.60;Ocolul silvic Grigoriopol, Pogoreloe, parcela 27, subparcela 6;Gospodăria Silvică de Stat Bender;Monument al naturii;;Criuleni;;29.255960;47.152210;
aps030670;Pragurile Nistrului;8.00;În preajma satului Cosăuţi, albia Nistrului;Cariera de granit şi pietriş din Soroca;Monument al naturii;;Soroca;;28.282050;48.230692;
aps030720;Profilul geologic de lîngă satul Socola;10.00;La sud-vest de satul Socola;"Întreprinderea Agricolă ""Ştefan Vodă"" ";Monument al naturii;;Şoldăneşti;;28.824960;47.930381;
aps030550;Recif pe malul rîului Răut;3.00;Satul Piatra, malul drept al rîului Răut;Primăria satului Pohorniceni ;Monument al naturii;;Orhei;;28.895830;47.356113;
aps030310;Recifele Brînzeni;44.00;La sud-vest de satul Brînzeni;Primăria satului Brînzeni;Monument al naturii;;Edineţ;;27.171830;48.076175;
aps030410;Reciful Ialoveni;3.00;Lîngă oraşul Ialoveni, pe drum spre satul Costeşti, pe malul stîng al rîului Işnovăţ;"Asociaţia Ştiinţifică de Producţie ""Codru""";Monument al naturii;;Ialoveni;;28.789820;46.928447;
aps030630;Reciful Proscureni;10.00;La est de satul Duruitoarea;Primăria satului Duruitoarea;Monument al naturii;;Rîşcani;;27.256480;47.867991;
aps031100;Rezervorul de apă de pe rîul Ciuluc;8.60;La 1,5 km est de satul Mihailovca;"Întreprinderea Agricolă ""Mihailovca""";Monument al naturii;;Sîngerei;;28.918410;46.536969;
aps030650;"Rîpa ""Bechirov Iar""";46.00;La sud de oraşul Soroca ocolul silvic Soroca, Zastînca-II, parcela 24;Gospodăria Silvică de Stat Soroca;Monument al naturii;;Soroca;;28.307370;48.136350;
aps030470;"Rîpa ""Carpov Iar""";18.00;La vest de satul Naslavcea, ocolul silvic Ocniţa, Naslavcea, parcela 3, subparcelele 3, 22, 23;Gospodăria Silvică de Stat Edineţ;Monument al naturii;;Ocniţa;;27.570000;48.470000;
aps030220;"Rîpa ""Coţofana""";10.00;"La est de satul Gura Galbenei (a patra de la nord, pe panta stîngă a vîlcelei Valea Coţofana), ocolul silvic Zloţi, Coţofana, parcela 33, subparcelele 3, 5; parcela 34, subparcelele 3, 8, 12";Gospodăria Silvică de Stat Cimişlia ;Monument al naturii;;Cimişlia;;28.730000;46.690000;
aps030160;"Rîpa ""În Dos""";2.00;La 1 km sud de satul Sipoteni;"Întreprinderea Agricolă ""Sipoteni""";Monument al naturii;;Călăraşi;;28.200000;47.260000;
aps030710;"Rîpa ""La Chetrărie""";3.00;La est de satul Vorniceni;Primăria satului Vorniceni;Monument al naturii;;Străşeni;;28.440380;47.150691;
aps030520;"Rîpa ""La Izvoare""";115.00;La sud de oraşul Otaci;"Întreprinderea Agricolă ""Rodina""";Monument al naturii;;Ocniţa;;27.810000;48.410000;
aps030480;"Rîpa ""Rudîi Iar""";22.50;"Satul Naslavcea, lîngă ""Carpov Iar"", ocolul silvic Ocniţa, Naslavcea, parceala 3, subparcelele 1, 2, 4, 18-21";Gospodăria Silvică de Stat Edineţ;Monument al naturii;;Ocniţa;;27.560000;48.470000;
aps030440;Rîpa Adîncă;6.00;La marginea nordică a satului Verejeni;"Întreprinderea Agricolă ""Nistru""";Monument al naturii;;Ocniţa;;27.610000;48.450000;
aps030780;Rîpa Budăi;5.00;Marginea de vest a satului Budăi, pe coasta dreaptă a rîului Salcia;"Întreprinderea Agricolă ""Drujba""";Monument al naturii;;Taraclia;;28.342760;47.458053;
aps030850;Rîpa Cişmichioi;3.00;Satul Cişmichioi, pe partea sîngă a vîlcelei afluentului lacului Cahul;"Asociaţia de Producţie ""Nerudprom""";Monument al naturii;;Vulcăneşti;;28.369970;45.549094;
aps030750;Rîpa de Piatră;2.00;În partea de nord a satului Tudora;Primăria satului Tudora;Monument al naturii;;Ştefan Vodă ;;30.028960;46.433825;
aps030770;Rîpa din Purcari;5.00;La nord de satul Purcari, pe malul Nistrului;Primăria satului Purcari;Monument al naturii;;Ştefan Vodă ;;29.860150;46.531197;
aps030190;Rîpa din Sălcuţa;3.00;La sud-est de satul Sălcuţa, ocolul silvic Căuşeni, Sălcuţa, parcela 43, subparcela 3a;Gospodăria Silvică de Stat Bender;Monument al naturii;;Căuşeni;;29.262549;46.588754;
aps030760;Rîpa lui Albu;2.00;"Mai sus de satul Cioburciu, lîngă pădurea ocolului silvic ""Olăneşti""";Gospodăria Silvică de Stat Bender;Monument al naturii;;Ştefan Vodă ;;29.709170;46.595409;
aps030150;Rîpa lui Tofan;5.00;La marginea vestică a satului Vălcineţ;"Înterprinderea Agricolă ""Vălcineţ""";Monument al naturii;;Călăraşi;;28.110000;47.270000;
aps030790;Rîpa Musaitu;5.00;În partea de mijloc a satului Musaitu;"Întreprinderea Agricolă ""Musaitu""";Monument al naturii;;Taraclia;;28.488210;45.824042;
aps030090;Rîpa Namălvii;100.00;La sud-est de satul Bursuc;"Întreprinderea Agricolă ""Moldova""";Monument al naturii;;Camenca;;28.304270;47.091747;
aps030130;Rîpa Taraclia;12.00;În partea sud-estică a satului Taraclia;Primăria satului Taraclia;Monument al naturii;;Căinari;;29.113140;46.559898;
aps030060;Rîpa Tartaul;2.00;La 2 km nord de satul Tartaul de Salcie, pe versantul stîng al rîului Salcia;"Întreprinderea Agricolă ""Taraclia de Salcie""";Monument al naturii;;Cahul;;28.428637;45.983455;
aps030340;Rîpa Volodeni;6.00;Între satele Volodeni şi Bleşteni;Primăria satului Bleşteni;Monument al naturii;;Edineţ;;27.180000;48.120000;
aps030270;Rîpa Zguriţa;15.00; La nord de satul Zguriţa;Primăria satului Zguriţa;Monument al naturii;;Drochia;;28.014203;48.129847;
aps030210;Rîpele de la Ceadîr-Lunga;10.00; La est de oraşul Ceadîr-Lunga, ocolul silvic Ceadîr-Lunga, Ceadîr-Lunga, Stat Cahul parcela 46, subparcela 2;Gospodăria Silvică de Stat Cahul;Monument al naturii;;Ceadîr-Lunga ;;28.840835;46.051425;
aps030390;Rîpele de la Văsieni;3.00;Pe coasta dreaptă a văii rîului Botna, la vest de spital;"Întreprinderea Agricoă ""Văsieni""";Monument al naturii;;Ialoveni;;28.601001;46.962170;
aps031270;Rudi-Gavan;49.00;Ocolul silvic Otaci, Rudi-Gavan, parcela 27;Gospodăria Silvică de Stat Soroca;Monument al naturii;;Donduşeni;;27.890160;48.332048;
aps031180;Schinoasa Mare;15.00;Ocolul silvic Anenii Noi, Schinoasa Mare, parcela 5, subparcela 3;Gospodăria Silvică de Stat Chişinău;Monument al naturii;;Anenii Noi;;29.228800;46.862448;
aps030230;Secţiunea geologică din valea rîului Ialpug;5.60;Oraşul Comrat, panta stîngă a văii rîului Ialpug rîului Ialpug, ocolul silvic Comrat, Comrat-IV, parcela 34, subparcela 11;Gospodăria Silvică de Stat Iargara;Monument al naturii;;Comrat;;28.690000;46.310000;
aps030240;Soluri fosile pe terasele nistrene;44.00; La nord-vest de satul Mălăieşti, ocolul silvic Vadul lui Vodă, Mălăieşti, parcela 13, subparcela 6;Gospodăria Silvică de Stat Chişinău;Monument al naturii;;Criuleni;;29.139270;47.086773;
aps030070;Stînca Japca;10.00;Satul Japca;"Întreprinderea Agricolă ""Moldova""";Monument al naturii;;Camenca;;28.715071;47.975801;
aps030380;Stînca Mare;105.00;Lîngă satul Cobani;Primăria satului Cobani;Monument al naturii;;Glodeni;;27.936381;47.881706;
aps030560;Stînca Mîgla;3.00;La 0,5 km nord-vest de satul Piatra;Primăria satului Piatra;Monument al naturii;;Orhei;;27.323401;47.758904;
aps030810;Terasa levantină din zona codrilor;5.00;La 1,5 km sud-est de satul Buciumeni, pe panta stîngă a vîlcelei rîului Gîrla-Mare, la cumpăna apelor;"Întreprinderea Agricolă ""Buciumeni"" ";Monument al naturii;;Ungheni;;27.706860;47.364160;
aps030290;"Vîlceaua ""La Humărie""";64.00;La vest de satul Ustia pe panta stîngă a rîului Răut, ocolul silvic Criuleni, Răculeşti, parcela 10, subparcelele 8-18;Gospodăria Silvică de Stat Chişinău;Monument al naturii;;Dubăsari;;29.090000;47.250000;
aps030510;"Vîlceaua ""Partea Cneazului""";20.00;La sud de satul Mereşeuca;"Întreprinderea Agricolă ""Nistru"" ";Monument al naturii;;Ocniţa;;27.670000;48.420000;
aps030860;Vîlceaua Colcot;16.00;Marginea de nord a municipiului Tiraspol;Primăria municipiului Tiraspol;Monument al naturii;;Municipiul Tiraspol;;29.618630;46.876343;
aps040030;Baurci;93.10;"La sud de satul Baurci-Moldoveni, ocolul silvic Larga, Români, parcela 25, subparcelele 1, 9; parcela 36, subparcelele 1, 2, 4; parcela 37, subparcela 4";Gospodăria Silvică de Stat Cahul;Rezervaţie naturală;Rezervaţie naturală silvică;Cahul;;28.240043;46.019957;
aps040100;Boguş;89.00;Ocolul silvic Hîrjauca, Vila Hîrjauca, parcela 26;Gospodăria Silvică de Stat Călăraşi;Rezervaţie naturală;Rezervaţie naturală silvică;Călăraşi;;28.220000;47.330000;
aps040550;Bugeac;56.00;La vest de sediul brigăzii nr.2;"Întreprinderea Agricolă ""Bugeac""";Rezervaţie naturală;Rezervaţie naturală de plante medicinale;Comrat;;28.680000;46.360000;
aps040300;Cabac;24.70;"Ocolul silvic Iurceni, Cabac, parcela 7, subparcela 17; parcela 8, subparcela 20; parcela 11, subparcela 6";Gospodăria Silvică de Stat Nisporeni;Rezervaţie naturală;Rezervaţie naturală silvică;Nisporeni;;28.250000;47.070000;
aps040530;Cahul;343.00;Ocolul silvic Larga, Români, parcelele 28, 29, 31-33, 39, 40;Gospodăria Silvică de Stat Cahul;Rezervaţie naturală;Rezervaţie naturală de plante medicinale;Cahul;;28.260000;46.090000;
aps040610;Cantemir;132.00;Lunca inundabilă a rîului Prut la sud de oraşul Cantemir;"Întreprinderea agricolă ""Drujba""";Rezervaţie naturală;Rezervaţie naturală mixtă;Cantemir ;;28.212168;46.280779;
aps040560;Cernoleuca;337.00;Ocolul silvic Donduşeni, Cernoleuca, parcelele 43, 46-48;Gospodăria Silvică de Stat Edineţ;Rezervaţie naturală;Rezervaţie naturală de plante medicinale;Donduşeni;;27.565217;48.313204;
aps040070;Ciobalaccia;13.40;La 2 km est de satul Ciobalaccia, ocolul silvic Baimaclia, Aluniş, parcela 34, subparcelele 14, 15;Gospodăria Silvică de Stat Iargara;Rezervaţie naturală;Rezervaţie naturală silvică;Cantemir;;28.297518;46.169143;
aps040340;Climăuţi;70.00;Ocolul silvic Ocniţa, Climăuţi, parcela 50;Gospodăria Silvică de Stat Edineţ;Rezervaţie naturală;Rezervaţie naturală silvică;Ocniţa;;27.608374;48.317624;
aps040350;Cobîleni;33.50;"Ocolul silvic Susleni, Cobîleni, parcela 1, subparcela 2; parcela 2, subparcelele 1, 3";Gospodăria Silvică de Stat Orhei ;Rezervaţie naturală;Rezervaţie naturală silvică;Orhei;;29.000000;47.380000;
aps040060;Colohur;178.00;La sud de satul Caterinovca, ocolul silvic Raşcov, Colohur, parcelele 22, 23, 25;Gospodăria Silvică de Stat Rîbniţa;Rezervaţie naturală;Rezervaţie naturală silvică;Camenca;;28.920000;47.920000;
aps040440;Condriţa;61.00;Ocolul silvic Condriţa, Condriţa, parcela 17, subparcela 1;Gospodăria Silvică de Stat Străşeni;Rezervaţie naturală;Rezervaţie naturală silvică;Străşeni;;28.570000;47.070000;
aps040420;Copanca;167.00;Ocolul silvic Copanca, Copanca, parcelele 41, 43, 44;Gospodăria Silvică de Stat Bender;Rezervaţie naturală;Rezervaţie naturală silvică;Slobozia;;29.643878;46.716149;
aps040200;Dancu;131.00;Ocolul silvic Cărpineni, Dancu, parcelele 2, 3;Gospodăria Silvică de Stat Hînceşti;Rezervaţie naturală;Rezervaţie naturală silvică;Hînceşti;;28.256563;46.753272;
aps040170;Dubăsari;93.00;Ocolul silvic Grigoriopol, Dubăsari, parcela 38, subparcelele 14, 20-22;Gospodăria Silvică de Stat Bender;Rezervaţie naturală;Rezervaţie naturală silvică;Criuleni;;29.161783;47.262799;
aps040620;"Ecosistemul acvatic ""Lebăda albă""";30.00;La nord-vest de oraşul Leova;Primăria oraşului Leova;Rezervaţie naturală;Rezervaţie naturală mixtă;Leova ;;28.230000;46.510000;
aps040370;Erjova;123.00;Ocolul silvic Erjova, Erjova, parcelele 31, 32;Gospodăria Silvică de Stat Rîbniţa;Rezervaţie naturală;Rezervaţie naturală silvică;Rîbniţa;;29.050000;47.800000;
aps040510;Flămînda;71.00;"Ocolul silvic Vulcăneşti, Flămînda parcela 14, subparcela 3; parcela 15, subparcela 4; parcela 22, subparcelele 9, 12; parcela 24, subparcelele 2, 7; parcela 26, subparcelele 6, 9; parcela 28, subparcela 3; parcela 32, subparcela 5";Gospodăria Silvică de Stat Cahul;Rezervaţie naturală;Rezervaţie naturală silvică;Vulcăneşti;;28.350000;45.700000;
aps040480;Ghiliceni;38.00;La sud-vest de satul Ghiliceni, ocolul silvic Mîndreşti, Ghiliceni, parcela 24, subparcelele 1, 9, 11;Gospodăria Silvică de Stat Teleneşti;Rezervaţie naturală;Rezervaţie naturală silvică;Teleneşti;;28.180000;47.450000;
aps040150;Hîrtopul Moisei;101.00;Ocolul silvic Mihailovca, Hîrtopul Moisei, parcela 15;Gospodăria Silvică de Stat Cimişlia;Rezervaţie naturală;Rezervaţie naturală silvică;Cimişlia;;28.683283;46.640952;
aps040460;Hligeni;70.00;La nord-vest de satul Mateuţi, ocolul silvic Şoldăneşti, Hligeni, parcela 31;Gospodăria Silvică de Stat Soroca;Rezervaţie naturală;Rezervaţie naturală silvică;Şoldăneşti;;28.890465;47.824831;
aps040540;Hruşca;170.00;Ocolul silvic Camenca, Valea Hruşca, parcelele 3-5;Gospodăria Silvică de Stat Rîbniţa;Rezervaţie naturală;Rezervaţie naturală de plante medicinale;Camenca;;28.568234;48.136681;
aps040110;Leordoaia;158.00;Ocolul silvic Hîrjauca, Hîrjauca-Sipoteni, parcela 31;Gospodăria Silvică de Stat Călăraşi;Rezervaţie naturală;Rezervaţie naturală silvică;Călăraşi;;28.155046;47.344241;
aps040430;Leuntea;30.10;Ocolul silvic Copanca, Copanca, parcela 50, subparcelele 12, 14;Gospodăria Silvică de Stat Bender;Rezervaţie naturală;Rezervaţie naturală silvică;Slobozia;;29.604283;46.668424;
aps040160;Liceul Bolgrad;54.00;În apropierea satului Frumuşica, ocolul silvic Congaz, Liceul Bolgrad, parcela 26, subparcela 2;Gospodăria Silvică de Stat Iargara;Rezervaţie naturală;Rezervaţie naturală silvică;Comrat;;28.470000;46.080000;
aps040570;Logăneşti;710.00;Ocolul silvic Logăneşti, Vila Logăneşti, parcelele 13-15, 18-20, 23, 24;Gospodăria Silvică de Stat Hînceşti;Rezervaţie naturală;Rezervaţie naturală de plante medicinale;Hînceşti;;28.558538;46.901455;
aps040400;Lucăceni;49.60;"Ocolul silvic Rîşcani, Lucăceni, parcela 19, subparcelele 3, 5, 11,18; parcela 20, subparcela 2";Gospodăria Silvică de Stat Glodeni;Rezervaţie naturală;Rezervaţie naturală silvică;Rîşcani;;27.580000;47.450000;
aps040330;Mestecăniş;44.00;Ocolul silvic Ocniţa, Mestecăniş, parcela 9;Gospodăria Silvică de Stat Edineţ;Rezervaţie naturală;Rezervaţie naturală silvică;Ocniţa;;27.450000;48.370000;
aps040140;Misilindra;1.70;La sud de satul Hagimus, ocolul silvic Căuşeni, parcela 21, subparcela 6;Gospodăria Silvică de Stat Bender;Rezervaţie naturală;Rezervaţie naturală silvică;Căuşeni;;28.480000;46.730000;
aps040630;"Mlaştina ""Togai""";50.00;La est de satul Crocmaz, 100 m de la albia Nistrului, ocolul silvic Olăneşti, parcela 27;Gospodăria Silvică de Stat Bender;Rezervaţie naturală;Rezervaţie naturală mixtă;Ştefan Vodă;;30.020000;46.450000;
aps040260;Moleşti;5.00;"La 2 km sud de satul Moleşti, ocolul silvic Răzeni, Vila Moleşti – Răzeni, parcela 11, subparcela 1; parcela 12, subparcela 3";Gospodăria Silvică de Stat Cimişlia;Rezervaţie naturală;Rezervaţie naturală silvică;Ialoveni;;28.783801;46.780020;
aps040080;Moleşti-Răzeni;250.70;"Ocolul silvic Răzeni, Vila Moleşti-Răzeni, parcelele 30-32; subparcelele 1, 2, 7; parcela 33, subparcelele 1, 5";Gospodăria Silvică de Stat Cimişlia;Rezervaţie naturală;Rezervaţie naturală silvică;Căinari;;28.868664;46.794270;
aps040210;Nemţeni;20.90;Ocolul silvic Oneşti, Nemţeni, parcela 2 subparcelele 2, 3;Gospodăria Silvică de Stat Hînceşti;Rezervaţie naturală;Rezervaţie naturală silvică;Hînceşti;;28.476504;46.919916;
aps040320;Ocniţa;103.00;Ocolul silvic Ocniţa, Ocniţa, parcela 16;Gospodăria Silvică de Stat Edineţ;Rezervaţie naturală;Rezervaţie naturală silvică;Ocniţa;;27.520789;48.414571;
aps040470;Olăneşti;108.00;La sud-est de satul Olăneşti, ocolul silvic Ştefan Vodă, Olăneşti, parcela 23;Gospodăria Silvică de Stat Bender;Rezervaţie naturală;Rezervaţie naturală silvică;Ştefan Vodă;;29.929884;46.498049;
aps040280;Ostianova;211.20;Ocolul silvic Hîrtop, Ostianova, parcelele 23-26;Gospodăria Silvică de Stat Iargara;Rezervaţie naturală;Rezervaţie naturală silvică;Leova;;28.500000;46.480000;
aps040190;Pădurea Băxani;45.00;Între satele Popeşti, raionul Drochia şi Băxani, raionul Soroca;Gospodăria Silvică de Stat Soroca;Rezervaţie naturală;Rezervaţie naturală silvică;Drochia;;28.080000;48.120000;
aps040390;Pociumbeni;53.00;Ocolul silvic Rîşcani, Pociumbeni, parcela 1, subparcelele 13, 19;Gospodăria Silvică de Stat Glodeni;Rezervaţie naturală;Rezervaţie naturală silvică;Rîşcani;;27.300000;47.980000;
aps040250;Pogăneşti;203.00;La vest de satul Sărata-Răzeşi (raionul Leova), ocolul silvic Cărpineni, Pogăneşti-II, parcela 14, subparcelele 1, 4-7; Gospodăria Silvică de Stat Hînceşti;Rezervaţie naturală;Rezervaţie naturală silvică;Hînceşti;;28.270000;46.600000;
aps040600;Rădoaia;73.00;Ocolul silvic Alexăndreni, Rădoaia, parcela 23;Gospodăria Silvică de Stat Bălţi;Rezervaţie naturală;Rezervaţie naturală de plante medicinale;Sîngerei;;28.162048;47.716524;
aps040020;Rosoşeni;149.00;Ocolul silvic Briceni, Rosoşeni, parcelele 11, 12, 14, subparcela 2;Gospodăria Silvică de Stat Edineţ;Rezervaţie naturală;Rezervaţie naturală silvică;Briceni;;27.050000;48.370000;
aps040520;Rosoşeni;368.00;Ocolul silvic Briceni, Rosoşeni, parcelele 2, 5, 6, 8, 9;Gospodăria Silvică de Stat Edineţ;Rezervaţie naturală;Rezervaţie naturală de plante medicinale;Briceni;;27.050000;48.370000;
aps040450;Roşcani;134.00;Ocolul silvic Ghidighici, Rădeni, parcelele 10, 11, subparcelele 6, 7;Gospodăria Silvică de Stat Chişinău;Rezervaţie naturală;Rezervaţie naturală silvică;Străşeni;;28.683891;47.164942;
aps040090;Sadova;229.00;Ocolul silvic Călăraşi, Sadova, parcelele 33, 34;Gospodăria Silvică de Stat Călăraşi;Rezervaţie naturală;Rezervaţie naturală silvică;Călăraşi;;28.339728;47.190660;
aps040220;Sărata Galbenă;220.00;Ocolul silvic Cărpineni, Sărata Galbenă, parcelele 28, 32, 33;Gospodăria Silvică de Stat Hînceşti;Rezervaţie naturală;Rezervaţie naturală silvică;Hînceşti;;28.516821;46.742701;
aps040580;Sărata Galbenă;424.00;Ocolul silvic Cărpineni, Sărata Galbenă parcelele 24, 30, 31, 35, 36;Gospodăria Silvică de Stat Hînceşti;Rezervaţie naturală;Rezervaţie naturală de plante medicinale;Hînceşti;;28.531681;46.742537;
aps040240;Sărata-Răzeşi;27.00;Ocolul silvic Cărpineni, Sărata-Răzeşi, parcela 15;Gospodăria Silvică de Stat Hînceşti;Rezervaţie naturală;Rezervaţie naturală silvică;Hînceşti;;28.273346;46.622272;
aps040120;Scăfăreni;97.00;Ocolul silvic Hîrjauca, Scăfăreni, parcela 49;Gospodăria Silvică de Stat Călăraşi;Rezervaţie naturală;Rezervaţie naturală silvică;Călăraşi;;28.230000;47.320000;
aps040270;Sector-etalon de pădure;110.20;"Între satele Malcoci şi Condriţa, ocolul silvic de scumpie Scoreni, Scoreni, parcela 22, subparcelele 1, 2, 4, 7; parcela 23, subparcela 3";Gospodăria Silvică de Stat Străşeni;Rezervaţie naturală;Rezervaţie naturală silvică;Ialoveni;;28.600000;47.050000;
aps040590;Selişte;315.00;Ocolul silvic Păruceni, Selişte- Leu, parcelele 27-30;Gospodăria Silvică de Stat Nisporeni;Rezervaţie naturală;Rezervaţie naturală de plante medicinale;Nisporeni;;28.138057;47.163864;
aps040290;Selişte-Leu;315.00;Ocolul silvic Păruceni, Selişte-Leu, parcela 27-30;Gospodăria Silvică de Stat Nisporeni;Rezervaţie naturală;Rezervaţie naturală silvică;Nisporeni;;28.100000;47.150000;
aps040040;Sitişchi;90.00;Ocolul silvic Camenca, Sitişchi, parcela 32;Gospodăria Silvică de Stat Rîbniţa;Rezervaţie naturală;Rezervaţie naturală silvică;Camenca;;28.750000;47.970000;
aps040380;Stînca;55.00;Ocolul silvic Rîşcani, Stînca, parcela 4;Gospodăria Silvică de Stat Glodeni;Rezervaţie naturală;Rezervaţie naturală silvică;Rîşcani;;27.280000;47.930000;
aps040410;Şaptebani;17.00;Ocolul silvic Rîşcani, Şaptebani, parcela 7, subparcela 9;Gospodăria Silvică de Stat Glodeni;Rezervaţie naturală;Rezervaţie naturală silvică;Rîşcani;;27.348761;47.895159;
aps040490;Teleneşti;111.00;La nord de satul Crăsnăşeni, ocolul silvic Teleneşti, Vila Teleneşti, parcela 50;Gospodăria Silvică de Stat Teleneşti;Rezervaţie naturală;Rezervaţie naturală silvică;Teleneşti;;28.400000;47.450000;
aps040050;Vadul;135.00;Ocolul silvic Camenca, Vadul, parcelele 6, 7;Gospodăria Silvică de Stat Rîbniţa;Rezervaţie naturală;Rezervaţie naturală silvică;Camenca;;28.080000;47.930000;
aps040500;Vadul lui Isac;68.00;Ocolul silvic Slobozia, Vadul lui Isac, parcela 33;Gospodăria Silvică de Stat Cahul;Rezervaţie naturală;Rezervaţie naturală silvică;Vulcăneşti;;28.180000;45.750000;
aps040230;Vila Caracui;84.00;Ocolul silvic Bozieni, Vila Caracui, parcela 37;Gospodăria Silvică de Stat Hînceşti;Rezervaţie naturală;Rezervaţie naturală silvică;Hînceşti;;28.620000;46.720000;
aps040360;Vîşcăuţi;24.00;Ocolul silvic Susleni, Vîşcăuţi, parcela 43, subparcelele 11, 15;Gospodăria Silvică de Stat Orhei;Rezervaţie naturală;Rezervaţie naturală silvică;Orhei;;29.050000;47.430000;
aps040010;Voinova;27.00;La nord de satul Şerpeni, ocolul silvic Anenii Noi, Voinova, parcela 41;Gospodăria Silvică de Stat Chişinău;Rezervaţie naturală;Rezervaţie naturală silvică;Anenii Noi;;29.350000;47.050000;
aps040130;Voinova;192.00;La vest de satul Oneşti, ocolul silvic Pituşca, Voinova, parcela 11;Gospodăria Silvică de Stat Călăraşi;Rezervaţie naturală;Rezervaţie naturală silvică;Călăraşi;;28.499078;47.275617;
aps040310;Zberoaia – Lunca;147.90;Ocolul silvic Grozeşti, Zberoaia-Lunca parcela 8, subparcelele 1-41;Gospodăria Silvică de Stat Nisporeni;Rezervaţie naturală;Rezervaţie naturală silvică;Nisporeni;;28.095440;46.973551;
aps040180;Zoloceni;69.00;Ocolul silvic Criuleni, Zoloceni, parcela 24;Gospodăria Silvică de Stat Chişinău;Rezervaţie naturală;Rezervaţie naturală silvică;Criuleni;;29.144523;47.240833;
aps050220;Izvoare – Risipeni;1162.00;"Între satele Izvoare şi Risipeni, ocolul silvic Făleşti, Risipeni, parcelele 72, 73, 75, 76; Caiuceni – Nagornoe, parcelele 30-33, 36-38; Izvoare, parcelele 61-69";Gospodăria Silvică de Stat Glodeni;Rezervaţie peisajeră;Rezervaţie peisajeră;Făleşti;;27.659218;47.463074;
aps050050;Bugornea;606.00;Lîngă satul Raşcov, ocolul silvic Raşcov, Bugornea, parcelele 5-14;Gospodăria Silvică de Stat Rîbniţa;Rezervaţie peisajeră;Rezervaţie peisajeră;Camenca;;28.870000;47.930000;
aps050270;Calaraşovca;52.00;La 5 km sud-est de oraşul Otaci, ocolul silvic Otaci, Calaraşovca-Stînca, parcelele 10-12;"Gospodăria Silvică de Stat Soroca (225 ha), Întreprinderea Agricolă ""Dnestrovsc"" (27 ha)";Rezervaţie peisajeră;Rezervaţie peisajeră;Ocniţa;;27.820000;48.410000;
aps050240;Cazimir – Mileşti;500.00;Între satele Mileşti, Bălăneşti, Găureni ocolul silvic Păruceni, Cazimir – Mileşti, parcelele 3-7;Gospodăria Silvică de Stat Nisporeni;Rezervaţie peisajeră;Rezervaţie peisajeră;Nisporeni;;28.070000;47.200000;
aps050140;Căbăieşti -Pîrjolteni;1213.00;Între satele Căbăieşti, Pîrjolteni, Seliştea Nouă, ocolul silvic Călăraşi, Căbăieşti – Pîrjolteni, parcelele 47-56;Gospodăria Silvică de Stat Călăraşi;Rezervaţie peisajeră;Rezervaţie peisajeră;Călăraşi;;28.170000;47.200000;
aps050370;Căpriana – Scoreni;1762.40;"Între satele Lozova, Vorniceni, Pănăşeşti, Truşeni, Cojuşna, ocolul silvic Căpriana, Căpriana, parcela 21, subparcelele 7-14; parcela 27, subparcelele 4-13; parcela 33, subparcelele 2, 3, 5; parcelele 28-30, 34-36; ocolul silvic Scoreni, Scoreni, parcelele 1-8";Gospodăria Silvică de Stat Străşeni;Rezervaţie peisajeră;Rezervaţie peisajeră;Străşeni;;28.539619;47.092299;
aps050110;Cărbuna;607.00;Între satul Cărbuna şi staţia de cale ferată Zloţi, ocolul silvic Zloţi Vila Mileşti-Răzeni, parcelele 1-4, 9;Gospodăria Silvică de Stat Cimişlia;Rezervaţie peisajeră;Rezervaţie peisajeră;Căinari;;28.945090;46.708286;
aps050090;Chioselia;307.00;La nord-vest de satul Chioselia, ocolul silvic Baimaclia, Chioselia, parcelele 35-38;Gospodăria Silvică de Stat Iargara;Rezervaţie peisajeră;Rezervaţie peisajeră;Cantemir;;28.386543;46.154637;
aps050380;Climăuţii de Jos;668.00;"La sud de satul Climăuţii de Jos, ocolul silvic Şoldăneşti, Climăuţi, parcelele 5-9; Socola, parcelele 10, 11; Pridnestrovscoe, parcela 1";Gospodăria Silvică de Stat Soroca;Rezervaţie peisajeră;Rezervaţie peisajeră;Şoldăneşti;;28.801783;47.939927;
aps050100;Codrii Tigheci;2519.00;Între satele Lărguţa şi Capaclia, ocolul silvic Cantemir, Tigheci, parcelele 1-40;Gospodăria Silvică de Stat Iargara;Rezervaţie peisajeră;Rezervaţie peisajeră;Cantemir;;28.330000;46.320000;
aps050040;Complexul geologic şi paleontologic din bazinul rîului Lopatnic;452.00;"De-a lungul rîului Lopatnic, de la sud-estul satului Caracuşenii Vechi pînă la satul Corjeuţi (defileul Caracuşenii de sud (16 ha); defileul 1 şi 2 (cîte 94 ha) lîngă satul Caracuşenii Vechi; defileul 3 (102 ha), ocolul silvic Briceni, Caracuşenii Vechi, parcela 49; defileul 4 şi 5 (58 ha şi, respectiv, 43 ha); formaţiunile tectonice de lîngă satul Corjeuţi (45 ha))";Gospodăria Silvică de Stat Edineţ, primăriile satelor Caracuşenii Vechi şi Corjeuţi;Rezervaţie peisajeră;Rezervaţie peisajeră;Briceni;;27.040000;48.250000;
aps050350;Cosăuţi;585.00;Satul Cosăuţi, ocolul silvic Soroca, Cosăuţi, parcelele 4-8;Gospodăria Silvică de Stat Soroca;Rezervaţie peisajeră;Rezervaţie peisajeră;Soroca;;28.270000;48.220000;
aps050390;Dobruşa;2634.00;"Între satul Olişcani şi rîul Ciorna, ocolul silvic Olişcani, Olişcani-Prisaca, parcelele 22, 23; Dobruşa, parcelele 14-17, subparcelele 1-11, 13-26; parcelele 18-21, 24-37, 40- 44, subparcelele 1-16; parcela 45, subparcelele 1-6; parcelele 46-57, subparcelele 1-11; parcela 58, subparcelele 1-20; parcelele 59-68, 70, 71";Gospodăria Silvică de Stat Soroca;Rezervaţie peisajeră;Rezervaţie peisajeră;Şoldăneşti;;28.730000;47.820000;
aps050260;Dolna;389.00;La sud de satul Dolna, ocolul silvic Iurceni, Dolna, parcelele 4-6;Gospodăria Silvică de Stat Nisporeni;Rezervaţie peisajeră;Rezervaţie peisajeră;Nisporeni;;28.282358;47.116645;
aps050200;Feteşti;555.00;La nord-est de satul Feteşti, ocolul silvic Edineţ, Feteşti, parcelele 9-14, 59;Gospodăria Silvică de Stat Edineţ;Rezervaţie peisajeră;Rezervaţie peisajeră;Edineţ;;27.120000;48.180000;
aps050070;Glubocaia Dolina;520.00;La nord-est de satul Caterinovca, ocolul silvic Raşcov, Glubocaia Dolina, parcelele 15-19;Gospodăria Silvică de Stat Rîbniţa;Rezervaţie peisajeră;Rezervaţie peisajeră;Camenca;;28.900000;47.930000;
aps050340;Grădina Turcească;224.00;"Între satele Leuntea şi Copanca, ocolul silvic Copanca, Adajia, parcela 65; Grădina Turcească, parcela 66, albia veche a Nistrului pe o distanţă de 12 km";Gospodăria Silvică de Stat Bender;Rezervaţie peisajeră;Rezervaţie peisajeră;Slobozia;;29.650000;46.700000;
aps050360;Holoşniţa;199.00;În preajma satului Holoşniţa, ocolul silvic Soroca, Holoşniţa, parcelele 1, 2;Gospodăria Silvică de Stat Soroca;Rezervaţie peisajeră;Rezervaţie peisajeră;Soroca;;28.168501;48.244530;
aps050280;La 33 de Vaduri;184.00;"La sud de satul Naslavcea, ocolul silvic Ocniţa, Bîrnova, parcela 4; Verejeni-Bîrnova, parcela 5";"Gospodăria Silvică de Stat Edineţ (168 ha), Întreprinderea Agricolă ""Vatutin"" (16ha)";Rezervaţie peisajeră;Rezervaţie peisajeră;Ocniţa;;27.550000;48.450000;
aps050190;La Castel;746.00;Valea rîului Racovăţ, fîşie lată de 200 m cu lungimea de 5 km pe malul stîng, mai jos de satul Gordineşti, ocolul silvic Edineţ, Gordineşti, parcelele 29-35;Gospodăria Silvică de Stat Edineţ (646 ha), Primăria satului Gordineşti (100 ha) ;Rezervaţie peisajeră;Rezervaţie peisajeră;Edineţ;;27.170000;48.130000;
aps050080;Lunca inundabilă de lîngă Antoneşti;93.60;La vest de satul Antoneşti;"Întreprinderea Agricolă ""Drujba""";Rezervaţie peisajeră;Rezervaţie peisajeră;Cantemir;;28.220000;46.330000;
aps050230;Pădurea din Hînceşti;4499.00;"Între satele Lăpuşna şi Mereşeni, ocolul silvic Logăneşti, Vila Logăneşti, parcelele 35-37, 42-44; ocolul silvic Mereşeni, Vila Hînceşti, parcelele 1-5, 8-13, 16-23, 26-31, 33-39, 41-45";Gospodăria Silvică de Stat Hînceşti;Rezervaţie peisajeră;Rezervaţie peisajeră;Hînceşti;;28.500000;46.830000;
aps050010;Pădurea Hîrbovăţ;2218.00;Între satele Hîrbovăţ şi Bulboaca, ocolul silvic Hîrbovăţ, Vila Hîrbovăţ, parcelele 8-36;Gospodăria Silvică de Stat Bender;Rezervaţie peisajeră;Rezervaţie peisajeră;Anenii Noi;;29.312623;46.853033;
aps050290;Pohrebeni;1049.00;Între satele Pohrebeni şi Voroneţ, ocolul silvic Pohrebeni, Pohrebeni, parcelele 14-35;Gospodăria Silvică de Stat Orhei;Rezervaţie peisajeră;Rezervaţie peisajeră;Orhei;;28.880000;47.550000;
aps050400;Poiana Curătura;692.00;"Între satele Poiana şi Tarasova (raionul Rezina), ocolul silvic Şoldăneşti, Poiana, parcelele 12, 13; Curătura-Tabora, parcelele 14-17; Curătura-Corn, parcela 18";Gospodăria Silvică de Stat Soroca;Rezervaţie peisajeră;Rezervaţie peisajeră;Şoldăneşti;;28.884334;47.883996;
aps050160;Rîpele de la Cimişlia;256.00;"La sud de oraşul Cimişlia, pe drumul spre oraşul Basarabeasca, ocolul silvic Ciucur – Mingir, Oziornoe, parcela 3, subparcelele 11, 13, 15; Recea, parcela 7, subparcelele 1, 4, 5, 10; Bacanciu, parcela 5, subparcelele 5, 9, 11, 13-15, 17-19, 22, 23, 25, 27, 29";Gospodăria Silvică de Stat Cimişlia;Rezervaţie peisajeră;Rezervaţie peisajeră;Cimişlia;;28.787940;46.512447;
aps050170;Rudi – Arioneşti;916.00;"La 10 km mai jos de oraşul Otaci, de-a lungul Nistrului, ocolul silvic Otaci, Arioneşti – Stînca, parcelele 20-22; Rudi-Gavan, parcelele 23-29";"Gospodăria Silvică de Stat Soroca (793 ha), Întreprinderea Agricolă ""Arioneşti"" (57 ha), Întreprinderea Agricolă ""Nistru"" (66 ha)";Rezervaţie peisajeră;Rezervaţie peisajeră;Donduşeni;;27.898435;48.350586;
aps050310;Saharna;674.00;"La vest de satul Saharna, ocolul silvic Rezina, Saharna, parcelele 17-23, 25-28; Saharna – Zemstvo, parcela 29";Gospodăria Silvică de Stat Orhei;Rezervaţie peisajeră;Rezervaţie peisajeră;Rezina;;28.976532;47.695601;
aps050330;Suta de Movile;1072.00;"Între satele Branişte şi Cobani (raionul Glodeni), ocolul silvic Rîşcani, Avrămeni- Nagornoe, parcelele 32 65; Petruşeni, parcelele 26-31";"Gospodăria Silvică de Stat Glodeni (657ha) Întreprinderea Agricolă ""Branişte"" (415 ha)";Rezervaţie peisajeră;Rezervaţie peisajeră;Rîşcani;;27.300000;47.770000;
aps050020;Teliţa;124.00;La est de satul Teliţa, ocolul silvic Anenii Noi, Hîrtop, parcelele 50-51;Gospodăria Silvică de Stat Chişinău;Rezervaţie peisajeră;Rezervaţie peisajeră;Anenii Noi;;29.315217;46.951066;
aps050150;Temeleuţi;209.00;Între satele Temeleuţi şi Vălcineţ, ocolul silvic Călăraşi, Temeleuţi, parcelele 12, 13;Gospodăria Silvică de Stat Călăraşi;Rezervaţie peisajeră;Rezervaţie peisajeră;Călăraşi;;28.079595;47.262506;
aps050030;Teţcani;164.00;La nord de satul Teţcani, ocolul silvic Lipcani, Teţcani, parcela 35;Gospodăria Silvică de Stat Edineţ (114 ha), Primăria satului Teţcani (50 ha);Rezervaţie peisajeră;Rezervaţie peisajeră;Briceni;;26.970000;48.200000;
aps050300;Trebujeni;500.00;"Între satele Furceni şi Trebujeni, ocolul silvic Susleni, Jeloboc-Furceni, parcelele 51, 52; ocolul silvic Ivancea, Trebujeni, parcelele 31, 32, 34, 35, 37";Gospodăria Silvică de Stat Orhei (436 ha), Primăria satului Tribujeni (64 ha);Rezervaţie peisajeră;Rezervaţie peisajeră;Orhei;;28.954368;47.321137;
aps050120;Ţigăneşti;680.00;Între satele Săseni, Tabăra, Ţigăneşti, Bravicea, ocolul silvic Bravicea, Bravicea, parcelele 50, 51, 58, 61, 62, 64, 65, 67;"Gospodăria Silvică de Stat Călăraşi (580 ha) Întreprinderea Agricolă ""Codreanca"" (100 ha) ";Rezervaţie peisajeră;Rezervaţie peisajeră;Călăraşi;;28.534614;47.315268;
aps050320;Ţîpova;306.00;"Împrejurimile satului Ţîpova, ocolul silvic Pohrebeni, Stînca-Horodişte, parcela 42; Hiridiste-Funduc, parcelele 43, 44; Scala-Stînca, parcela 45";"Gospodăria Silvică de Stat Orhei (204 ha), Întreprinderea Agricolă ""Lalova"" (102 ha)";Rezervaţie peisajeră;Rezervaţie peisajeră;Rezina;;28.990489;47.605030;
aps050060;Valea Adîncă;214.00;Împrejurimile satului Valea Adîncă, ocolul silvic Raşcov, Valea Adîncă, parcela 2;"Gospodăria Silvică de Stat Rîbniţa (107 ha), Întreprinderea Agricolă ""70-letie Velicogo Octeabrea"" (107 ha)";Rezervaţie peisajeră;Rezervaţie peisajeră;Camenca;;28.840817;47.964939;
aps050410;Valea Mare;373.00;"La sud de oraşul Ungheni, ocolul silvic Ungheni, Valea Mare, parcela 25; Moreni-Balta, parcelele 26, 27";Gospodăria Silvică de Stat Ungheni ;Rezervaţie peisajeră;Rezervaţie peisajeră;Ungheni;;27.881004;47.133809;
aps050180;"Valea Seacă ""Tamaşlîc""";394.00;"La nord-est de oraşul Grigoriopol, ocolul silvic Grigoriopol, Geamanat, parcelele 18, 19; Popeasca, parcelele 14-17";Gospodăria Silvică de Stat Bender;Rezervaţie peisajeră;Rezervaţie peisajeră;Dubăsari;;29.380000;47.180000;
aps050250;Vila Nisporeni;3499.00;La sud-est de oraşul Nisporeni, ocolul silvic Nisporeni, Nisporeni, parcelele 7-38;Gospodăria Silvică de Stat Nisporeni;Rezervaţie peisajeră;Rezervaţie peisajeră;Nisporeni;;28.230000;47.050000;
aps050130;Voloca Verbca;407.00;Între satele Sadova şi Rassvet, ocolul silvic Pituşca, Voloca Verbca, parcelele 45-48;Gospodăria Silvică de Stat Călăraşi;Rezervaţie peisajeră;Rezervaţie peisajeră;Călăraşi;;28.380000;47.220000;
aps050210;Zăbriceni;596.00;La nord-vest de satul Oneşti, ocolul silvic Edineţ, Zăbriceni, parcelele 45-49;Gospodăria Silvică de Stat Edineţ;Rezervaţie peisajeră;Rezervaţie peisajeră;Edineţ;;27.270000;48.080000;
aps050050;Cernoziom compact al zonei dunărene de stepă;5.00;Satul Baurci, brigada nr.1, asolamentul de cîmp, lîngă pădurea ocolului silvic Zloţi;"Societatea pe Acţiuni ""Chircăieştii Noi""";Rezervaţie de resurse;Rezervaţie de resurse;Căinari;;28.930000;46.670000;
aps050070;Cernoziom levigat al zonei de silvostepă din nordul Moldovei;3.00;Satul Nicoreni, sectorul situat la sud de şoseaua Rîşcani-Nicoreni, brigada nr.1, cîmpul nr.2;"Întreprinderea Agricolă ""Ştefan Vodă""";Rezervaţie de resurse;Rezervaţie de resurse;Drochia;;27.670000;47.950000;
aps050080;Cernoziom levigat caracteristic stepei Bălţilor;6.00;La nord de oraşul Drochia, în limitele fostului aerodrom;Primăria oraşului Drochia;Rezervaţie de resurse;Rezervaţie de resurse;Drochia;;27.830000;48.050000;
aps050100;Cernoziom levigat gras al zonei silvice centrale a Moldovei;4.00;Satul Ivancea, sectorul 1 al asolamentului de cîmp, cîmpul nr.8;"Întreprinderea Agricolă ""Ivancea""";Rezervaţie de resurse;Rezervaţie de resurse;Orhei;;27.930000;47.300000;
aps050030;Cernoziom micelar-carbonatat gras al zonei dunărene de stepă;4.00;Cîmpul nr.10 al asolamentului, la sud-est de satul Roşu;Primăria satului Roşu;Rezervaţie de resurse;Rezervaţie de resurse;Cahul;;28.230000;45.950000;
aps050060;Cernoziom obişnuit al zonei dunărene de stepă;4.00;Brigada de tractoare nr.2, cîmpul nr.7;"Întreprinderea Agricolă ""Maiac""";Rezervaţie de resurse;Rezervaţie de resurse;Comrat;;28.670000;46.650000;
aps050130;Cernoziom obişnuit gras al zonei basarabene de stepă;2.00;La 1 km nord-est de satul Sucleia;Ministerul Agriculturii, Dezvoltării Regionale și Mediului;Rezervaţie de resurse;Rezervaţie de resurse;Slobozia;;29.680000;46.800000;
aps050110;Cernoziom tipic gras al zonei de silvostepă din nordul Moldovei;4.00;Marginea de vest a municipiului Bălţi;" Asociaţia Ştiinţifică de Producţie ""Selecţia""";Rezervaţie de resurse;Rezervaţie de resurse;Rîşcani;;27.870000;47.730000;
aps050040;Cernoziom xerofitic de pădure al zonei dunărene de stepă;200.00;Ocolul silvic Larga, Români, parcelele 27-29;Gospodăria Silvică de Stat Cahul;Rezervaţie de resurse;Rezervaţie de resurse;Cahul;;28.200000;46.070000;
aps050090;Complex de cernoziomuri podzolite şi soluri cenuşii-închis de pădure cu soluri fosile îngropate ale obiectului arheologic al zonei de silvostepă din nordul Moldovei;30.00;Ocolul silvic Edineţ, Brătuşeni, parcela 52 şi un lot adiacent de 2 ha, la nord-est de autostrada Chişinău-Cernăuţi;Gospodăria Silvică de Stat Edineţ (28 ha), colegiul din Brătuşeni (a ha);Rezervaţie de resurse;Rezervaţie de resurse;Edineț;Suprafața constă din 28 ha (pădure) și 2 ha (teren arabil) ;27.420000;48.120000;
aps050120;Complex de soloneţuri şi cernoziomuri soloneţizate ale zonei de silvostepă din nordul Moldovei;9.00;"Staţionarul experimental al Institutului de Cercetări şi Proiectări Tehnologice în Domeniul Pedologiei, Agrochimiei şi Ameliorării Solului ""N.Dimo"", la sud de satul Brejeni, păşune la hotarul cîmpului nr.7 cu Gospodăria Silvică de Stat Teleneşti";"Întreprinderea Agricolă ""Ciuciuieni""";Rezervaţie de resurse;Rezervaţie de resurse;Sîngerei;;28.470000;47.530000;
aps050140;Complex de soluri aluvionare, carbonatate, cernoziomice, de fîneaţă, mlăştinoase şi înnămolite ale zonei basarabene de stepă;200.00;"Ocolul silvic Talmaza, bălţile Talmaza, parcelele 9, 10, 13; pădure şi fîneaţă de luncă";Gospodăria Silvică de Stat Bender;Rezervaţie de resurse;Rezervaţie de resurse;Ştefan Vodă ;;29.730000;46.630000;
aps050010;Complex de soluri cenuşii de pădure (în pădure) al zonei de silvostepă din nordul Moldovei;50.00;Ocolul silvic Briceni, Trebisăuţi, parcela 24;Gospodăria Silvică de Stat Edineţ;Rezervaţie de resurse;Rezervaţie de resurse;Briceni;;27.166645;48.355592;
aps050020;Complex de soluri cenuşii-închis de pădure (în pădure) al zonei de silvostepă din nordul Moldovei;2.00;Cîmpul nr.3, la vest de satul Trebisăuţi, lîngă pădure;"Întreprinderea Agricolă ""Trebisăuţi""";Rezervaţie de resurse;Rezervaţie de resurse;Briceni;;27.175008;48.347764;
aps070010;Sector de stepă în nordul Bugeacului;4.00;Satul Bugeac, la hotar cu raionul Cimişlia;"Complexul Agroindustrial ""Bugeac""";Arie cu management multifuncţional;Sector reprezentativ cu vegetaţie de stepă;Comrat;;28.670175;46.363358;
aps070020;Sector de stepă în nordul Bugeacului;15.00;Satul Dezghingea, la 3 km nord de complexul animalier;"Întreprinderea Agricolă ""Rodina""";Arie cu management multifuncţional;Sector reprezentativ cu vegetaţie de stepă;Comrat;;28.636898;46.412314;
aps070030;Sector de stepă a Bălţilor;8.00;La 3 km vest de satul Vrăneşti, raionul Făleşti;Primăria satului Iezărenii Vechi;Arie cu management multifuncţional;Sector reprezentativ cu vegetaţie de stepă;Sîngerei;;28.103062;47.622442;
aps070040;Sector cu vegetaţie de stepă;71.00;Ocolul silvic Copanca, Andriaşevca Nouă, parcela 69;Gospodăria Silvică de Stat Bender;Arie cu management multifuncţional;Sector reprezentativ cu vegetaţie de stepă;Slobozia;;29.649000;46.736667;
aps070050;Sector de stepă în sudul Bugeacului;50.00;Lîngă satul Vinogradovca;"Întreprinderea Agricolă ""Ciumai""";Arie cu management multifuncţional;Sector reprezentativ cu vegetaţie de stepă;Taraclia;;28.533684;45.798831;
aps070060;Luncă mlăştinoasă cu trestie;10.00;Rîul Cubolta, satul Maramonovca;"Întreprinderea Agricolă ""Aurora""";Arie cu management multifuncţional;Sector reprezentativ cu vegetaţie de luncă;Dondușeni;;27.772816;48.207384;
aps070070;Luncă mlăştinoasă cu rogoz;33.00;Rîul Căinari, satul Maramonovca;"Întreprinderea Agricolă ""Aurora""";Arie cu management multifuncţional;Sector reprezentativ cu vegetaţie de luncă;Dondușeni;;27.806955;48.187800;
aps070080;Luncă cu iarba-cîmpului stoloniferă - 1;105.00;Lunca inundabilă a rîului Răut, satul Baraboi (105 ha);"Întreprinderea Agricolă ""Baraboi""";Arie cu management multifuncţional;Sector reprezentativ cu vegetaţie de luncă;Dondușeni;;27.624619;48.069353;
aps070090;Luncă cu iarba-cîmpului stoloniferă - 2;36.00;Lunca inundabilă a rîului Răut, satul Fîntîniţa (36 ha);"Întreprinderea Agricolă ""Victoria""";Arie cu management multifuncţional;Sector reprezentativ cu vegetaţie de luncă;Dondușeni;;27.707120;48.111243;
aps070100;Luncă cu iarba-cîmpului stoloniferă - 3;8.00;Lunca inundabilă a rîului Răut, satul Bravicea (8 ha);"Întreprinderea Agricolă ""Tîrnova""";Arie cu management multifuncţional;Sector reprezentativ cu vegetaţie de luncă;Dondușeni;;28.441175;47.354731;
aps070110;Luncă inundabilă cu vegetaţie de baltă;50.00;Lunca inundabilă a rîului Prut la nord-vest de oraşul Leova;Primăria oraşului Leova ;Arie cu management multifuncţional;Sector reprezentativ cu vegetaţie de luncă;Leova;;28.251667;46.453479;
aps070120;Luncă cu dumbravnic;10.00;Lunca inundabilă a rîului Răut, satul Isacova;Primăria satului Isacova ;Arie cu management multifuncţional;Sector reprezentativ cu vegetaţie de luncă;Orhei;;28.732197;47.364948;
aps070130;Luncă cu predominarea ierbii-cîmpului gigantice;15.00;Afluenţii rîului Soloneţ, satul Drăgăneşti;"Întreprinderea Agricolă ""Drăgăgăneşti""";Arie cu management multifuncţional;Sector reprezentativ cu vegetaţie de luncă;Sîngerei;;28.248274;47.722276;
aps070140;Luncă cu predominarea golomăţului;15.00;Rîul Soloneţ, satul Drăgăneşti;"Întreprinderea Agricolă ""Drăgăneşti""";Arie cu management multifuncţional;Sector reprezentativ cu vegetaţie de luncă;Sîngerei;;28.268659;47.730273;
aps070150;Luncă cu firuţă;12.00;Afluentul rîului Ciulucul Mic, satul Bursuceni;"Întreprinderea Agricolă ""Doina"" ";Arie cu management multifuncţional;Sector reprezentativ cu vegetaţie de luncă;Sîngerei;;28.022443;47.490052;
aps070160;Luncă cu iarba-cîmpului;3.00;Rîul Ciulucul Mic, satul Bursuceni;"Întreprinderea Agricolă ""Doina""";Arie cu management multifuncţional;Sector reprezentativ cu vegetaţie de luncă;Sîngerei;;28.007734;47.490888;
aps070170;Luncă cu puccinelie;20.00;Lunca inundabilă a rîului Ciulucul Mic, satul Dumbrăviţa;"Întreprinderea Agricolă ""Dumbrăviţa""";Arie cu management multifuncţional;Sector reprezentativ cu vegetaţie de luncă;Sîngerei;;28.110505;47.473293;
aps070180;Luncă cu iarba-cîmpului stoloniferă;20.00;Afluentul rîului Ciulucul Mic, satul Dumbrăviţa;"Întreprinderea Agricolă ""Dumbrăviţa"" ";Arie cu management multifuncţional;Sector reprezentativ cu vegetaţie de luncă;Sîngerei;;28.103123;47.475860;
aps070190;Luncă cu păiuş;40.00;Lunca inundabilă a rîului Ciulucul Mijlociu, satul Slobozia-Chişcăreni;"Întreprinderea Agricolă ""Chişcăreni""";Arie cu management multifuncţional;Sector reprezentativ cu vegetaţie de luncă;Sîngerei;;28.011226;47.577433;
aps070200;Luncă cu bumbăcariţă;20.00;Valea rîului Buda, Căpriana, parcelele 19-21;Gospodăria Silvică de Stat Străşeni;Arie cu management multifuncţional;Sector reprezentativ cu vegetaţie de luncă;Străşeni;;28.486862;47.113566;
aps070210;Luncă cu bumbăcariţă;15.00;"Zona de protecţie a rezervaţiei ştiinţifice ""Codru"", între parcelele 5, 9, 10";"Întreprinderea Agricolă ""Lozova""";Arie cu management multifuncţional;Sector reprezentativ cu vegetaţie de luncă;Străşeni;;28.351066;47.114236;
aps070220;Luncă cu firuţă;20.00;Afluentul rîului Răut, satul Chiţcanii Vechi;Primăria satului Chiţcanii Vechi;Arie cu management multifuncţional;Sector reprezentativ cu vegetaţie de luncă;Teleneşti;;28.491196;47.592675;
aps070230;Luncă cu puccinelie gigantică;30.00;Lunca inundabilă a rîului Ciulucul Mare, satul Verejeni;Primăria satului Verejeni ;Arie cu management multifuncţional;Sector reprezentativ cu vegetaţie de luncă;Teleneşti;;28.482120;47.538020;
aps070240;Luncă cu puccinelie distanţată;10.00;Lunca inundabilă a rîului Ciulucul Mijlociu, satul Verejeni;Primăria satului Verejeni;Arie cu management multifuncţional;Sector reprezentativ cu vegetaţie de luncă;Teleneşti;;28.471520;47.539961;
aps070250;Luncă cu vegetaţie halofită;20.00;Lunca inundabilă a rîului Ciulucul Mare, satul Băneşti;Primăria satului Băneşti;Arie cu management multifuncţional;Sector reprezentativ cu vegetaţie de luncă;Teleneşti;;28.383178;47.566039;
aps070260;Luncă cu predominarea golomăţului;20.00;Lunca inundabilă a rîului Ciulucul Mijlociu, satul Zgărdeşti;Primăria satului Zgărdeşti ;Arie cu management multifuncţional;Sector reprezentativ cu vegetaţie de luncă;Teleneşti;;28.188836;47.527198;
aps070270;Luncă cu iarba-cîmpului gigantică;8.00;Afluentul rîului Ciulucul Mijlociu, satul Mîndreşti;Primăria satului Mîndreşti ;Arie cu management multifuncţional;Sector reprezentativ cu vegetaţie de luncă;Teleneşti;;28.270955;47.495710;
aps070280;Luncă cu ovăzcior;4.00;Afluentul rîului Cula, satul Cornova;"Întreprinderea Agricolă ""Năpădeni""";Arie cu management multifuncţional;Sector reprezentativ cu vegetaţie de luncă;Ungheni;;28.178357;47.395212;
aps070290;Luncă cu păiuş;57.00;Lunca inundabilă a rîului Cula, satul Condrăteşti;"Întreprinderea Agricolă ""Condrăteşti""";Arie cu management multifuncţional;Sector reprezentativ cu vegetaţie de luncă;Ungheni;;28.116846;47.409907;
aps070300;Luncă cu coada-vulpii;59.50;Lunca inundabilă a rîului Cula, satul Hîrceşti;"Întreprinderea Agricolă ""Luceafărul""";Arie cu management multifuncţional;Sector reprezentativ cu vegetaţie de luncă;Ungheni;;28.076999;47.400984;
aps070310;Luncă cu păiuş;21.40;Lunca inundabilă a rîului Cula, satul Hîrceşti;"Întreprinderea Agricolă ""Luceafărul""";Arie cu management multifuncţional;Sector reprezentativ cu vegetaţie de luncă;Ungheni;;28.076655;47.390496;
aps070320;Luncă cu firuţă;12.80;Lunca inundabilă a rîului Cula, satul Hîrceşti;"Întreprinderea Agricolă ""Luceafărul""";Arie cu management multifuncţional;Sector reprezentativ cu vegetaţie de luncă;Ungheni;;28.099658;47.399822;
aps070330;Sistemul de perdele forestiere de protecţie din satul Tvardiţa;80.20;Satul Tvardiţa, numărul perdelelor: 1-5 (7,1 ha), 8-22 (20,5 ha), 27 (1,7 ha), 39 (0,98 ha), 43 (1,1 ha), 49-50 (2,6 ha), 52 (1,4 ha), 54-59 (7,2 ha), 65 (1,3 ha), 68-69 (2,3 ha), 73-75 (3,7 ha), 77 (0,8 ha), 81-86 (5,3 ha), 88 (1,6 ha), 96-97 (2,7 ha), 99 (2 ha), 100-108 (19,8 ha);"Întreprinderea Agricolă ""Lenin""";Arie cu management multifuncţional;Perdea forestieră de protecţie ;Ceadîr-Lunga;;28.954467;46.167550;
aps070340;Sistemul de perdele forestiere de protecţie din preajma municipiului Bălţi;127.50;La hotarele municipiului Bălţi;"Asociaţia Ştiinţifică de Producţie ""Selecţia"" ";Arie cu management multifuncţional;Perdea forestieră de protecţie ;Rîşcani;;27.874771;47.760594;
aps080010;Rezervaţia biosferei „Prutul de Jos”;14771.04;"Întreprinderea pentru Silvicultură „SILVA-SUD” Cahul; Întreprinderea Silvo-cinegetică „MANTA-V”; Rezervaţia ştiinţifică „Prutul de Jos”. Raionul Cahul 9 localități: s. Brînza, s. Cîşliţa-Prut, s. Colibaşi, s. Crihana Veche, s. Giurgiuleşti, com. Manta, s. Slobozia Mare, s. Vadul lui Isac, s. Văleni";NA;Rezervație a biosferei;;Cahul;Suprafața pe localități: 359.84, 314.58, 986.49, 4661.64, 546.76, 2911.31, 2861.89, 928.94, 1199.59;28.155157;45.593603;
aps100010;Grădina Dendrologică din Chişinău             ;83.00;Municipiul Chişinău, str. George Enescu nr.5;Primăria municipiului Chişinău;Grădină dendrologică;;Municipiul Chişinău;;28.810787;47.032516;
aps100020;Grădina Dendrologică din Tiraspol                       ;21.00;Municipiul Tiraspol, la hotarul cu satul Sucleia;Ministerul Agriculturii, Dezvoltării Regionale și Mediului;Grădină dendrologică;;Municipiul Tiraspol;;29.636157;46.838925;
aps110210;"Parcul de cultură şi odihnă ""Valea Morilor""";113.90;Oraşul Chişinău;Primăria municipiului Chişinău;Monument de arhitectură peisajeră;Monument de arhitectură peisajeră;Municipiul Chişinău;;28.819391;47.018749;
aps110100;Parcul din satul Ţaul;46.00;Satul Ţaul;Primăria satului Ţaul;Monument de arhitectură peisajeră;Monument de arhitectură peisajeră;Donduşeni;;27.632309;48.203869;
aps110140;Parcul din satul Hincăuţi;27.00;Satul Hincăuţi;Sanatoriul Ftiziatric al Ministerului Sănătății, Muncii și Protecției Sociale;Monument de arhitectură peisajeră;Monument de arhitectură peisajeră;Edineţ;;27.184836;48.046008;
aps110190;"Parcul ""Leuntea""";21.49;Satul Grădiniţa;"Întreprinderea Agricolă ""Leuntea""";Monument de arhitectură peisajeră;Monument de arhitectură peisajeră;Ştefan Vodă ;;29.584936;46.657504;
aps110020;Parcul din satul Pavlovca;18.30;Satul Pavlovca;Spitalul nr.7 din satul Pavlovca al Ministerului Sănătății, Muncii și Protecției Sociale;Monument de arhitectură peisajeră;Monument de arhitectură peisajeră;Briceni ;;26.867484;48.372257;
aps110110;Parcul din satul Mîndîc;16.40;Între satele Mîndîc şi Iliciovca;Primăria satului Mîndîc ;Monument de arhitectură peisajeră;Monument de arhitectură peisajeră;Donduşeni;;27.786020;48.154095;
aps110120;"Parcul ""Iasnaia Poliana""";12.80;La 3 km sud-vest de oraşul Drochia;Comitetul Raional al Sindicatului Complexului Agroindustrial;Monument de arhitectură peisajeră;Monument de arhitectură peisajeră;Drochia;;27.807653;48.009480;
aps110090;Parcul din satul Rediul Mare;10.00;Satul Rediul Mare;Spitalul Ftiziatric al Direcţiei Căii Ferate din Moldova;Monument de arhitectură peisajeră;Monument de arhitectură peisajeră;Donduşeni;;27.541024;48.232592;
aps110180;Parcul din satul Cubolta;7.00;Satul Cubolta;Primăria satului Cubolta;Monument de arhitectură peisajeră;Monument de arhitectură peisajeră;Sîngerei;;28.031809;47.866758;
aps110070;Parcul din satul Bălăbăneşti;5.00;Satul Bălăbăneşti;"Întreprinderea Agricolă ""Moldova""";Monument de arhitectură peisajeră;Monument de arhitectură peisajeră;Criuleni;;29.133928;47.060395;
aps110050;Parcul din satul Temeleuţi;3.80;Satul Temeleuţi;"Întreprinderea Agricolă ""Progres"" ";Monument de arhitectură peisajeră;Monument de arhitectură peisajeră;Camenca;;28.494147;47.978332;
aps110030;Aleea de tei dintre satele Pavlovca şi Larga;3.00;Între satele Pavlovca şi Larga;Primăria satului Larga;Monument de arhitectură peisajeră;Monument de arhitectură peisajeră;Briceni ;;26.867330;48.376247;
aps110040;Parcul din satul Cuhureştii de Jos;3.00;Satul Cuhureştii de Jos;"Întreprinderea Agricolă ""Patria""";Monument de arhitectură peisajeră;Monument de arhitectură peisajeră;Camenca;;28.585911;47.930285;
aps110170;Parcul din satul Ivancea;3.00;Satul Ivancea;Primăria satului Ivancea ;Monument de arhitectură peisajeră;Monument de arhitectură peisajeră;Orhei;;28.858065;47.286187;
aps110160;Parcul din satul Mileşti;3.00;Satul Mileşti;"Întreprinderea Agricolă ""Mileşti"" ";Monument de arhitectură peisajeră;Monument de arhitectură peisajeră;Nisporeni;;28.057226;47.228390;
aps110150;Parcul din satul Stolniceni;3.00;Satul Stolniceni;Spitalul de sector al Ministerului Sănătății, Muncii și Protecției Sociale;Monument de arhitectură peisajeră;Monument de arhitectură peisajeră;Edineţ;;27.359749;48.037470;
aps110010;Parcul Hîrbovăţ;2.20;Ocolul silvic Hîrbovăţ, Vila Hţrbovăţ, parcela 33, subparcela 29;Gospodăria Silvică de Stat Bender;Monument de arhitectură peisajeră;Monument de arhitectură peisajeră;Anenii Noi;;29.393798;46.852040;
aps110060;Alei de larice şi tei, grupuri de conifere;2.00;Satul Rassvet;"Întreprinderea Agricolă ""Codru""";Monument de arhitectură peisajeră;Monument de arhitectură peisajeră;Călăraşi;;28.421910;47.208856;
aps110080;Parcul din satul Micleşti;2.00;Satul Micleşti;Şcoala Medie din satul Micleşti ;Monument de arhitectură peisajeră;Monument de arhitectură peisajeră;Criuleni;;28.804616;47.241838;
aps110130;Parcul din satul Brînzeni;2.00;Satul Brînzeni;Casa invalizilor, Sănătății, Muncii și Protecției Sociale;Monument de arhitectură peisajeră;Monument de arhitectură peisajeră;Edineţ;;27.208068;48.086039;
aps110200;Grădina Muzeului Naţional de Etnografie şi Istorie Naturală;0.08;Str.M.Kogălniceanu nr.82;Ministerul Educației, Culturii și Cercetării;Monument de arhitectură peisajeră;Monument de arhitectură peisajeră;Municipiul Chişinău;;28.819932;47.023438;
aps120010;Grădina Zoologică din Chişinău  ;20.00;Municipiul Chişinău, bd. Dacia nr. 50/7;Primăria municipiului Chişinău;Grădină zoologică;Grădină zoologică;Municipiul Chişinău;;28.867077;46.973674;
aps130010;Lacurile Prutului de Jos;19152.50;Raionul Cahul ;"Autoritatea centrală pentru mediu, Agenţia pentru Silvicultură ""Moldsilva"", Concernul Republican pentru Gospodărirea Apelor ""Apele Moldovei"", autorităţile administraţiei publice locale, alţi deţinători de terenuri";Zonă umedă de importanţă internaţională ;Zonă umedă de importanţă internaţională ;Cahul;Lacurile Prutului de Jos (nr.1029 în Lista Ramsar);28.135644;45.601389;
aps130020;Nistrul de Jos;60000.00;Raioanele Căuşeni şi Ştefan Vodă, Unitatea teritorială din stînga Nistrului;"Agenţia pentru Silvicultură ""Moldsilva"", Concernul Republican pentru Gospodărirea Apelor ""Apele Moldovei"", autorităţile administraţiei publice locale, alţi deţinători de terenuri";Zonă umedă de importanţă internaţională ;Zonă umedă de importanţă internaţională ;Căușeni;Nistrul de Jos (nr.1316 în Lista Ramsar);29.750701;46.639829;
aps130030;Unguri–Holoşniţa;15553.00;Raioanele Ocniţa, Donduşeni şi Soroca;"Agenţia pentru Silvicultură ""Moldsilva"", Concernul Republican pentru Gospodărirea Apelor ""Apele Moldovei"", autorităţile administraţiei publice locale, alţi deţinători de terenuri"".";Zonă umedă de importanţă internaţională ;Zonă umedă de importanţă internaţională ;Ocnița;Unguri–Holoşniţa (nr.1500 în Lista Ramsar);28.050061;48.285692;
